employee_id,event_id,month,status
E0001,EV003,3,completed
E0001,EV037,6,completed
E0001,EV037,7,completed
E0001,EV031,10,completed
E0001,EV035,11,completed
E0001,EV036,13,completed
E0001,EV036,15,completed
E0001,EV039,18,completed
E0001,EV040,19,skipped
E0001,EV038,20,completed
E0001,EV002,21,completed
E0001,EV003,22,completed
E0001,EV001,23,completed
E0001,EV038,24,skipped
E0002,EV032,2,completed
E0002,EV038,4,skipped
E0002,EV037,5,completed
E0002,EV036,7,completed
E0002,EV032,9,completed
E0002,EV038,10,declined
E0002,EV031,11,declined
E0002,EV001,12,completed
E0002,EV005,13,completed
E0002,EV039,15,skipped
E0002,EV039,17,completed
E0002,EV004,18,declined
E0002,EV037,19,completed
E0002,EV031,21,skipped
E0002,EV034,22,completed
E0002,EV004,24,skipped
E0003,EV032,1,completed
E0003,EV005,3,completed
E0003,EV035,4,skipped
E0003,EV001,6,completed
E0003,EV037,13,declined
E0003,EV001,15,completed
E0003,EV031,17,completed
E0003,EV038,20,declined
E0003,EV035,22,skipped
E0003,EV005,23,completed
E0004,EV034,3,completed
E0004,EV031,6,completed
E0004,EV004,7,completed
E0004,EV031,8,completed
E0004,EV004,9,declined
E0004,EV035,11,completed
E0004,EV034,17,skipped
E0004,EV036,19,completed
E0004,EV036,21,completed
E0004,EV004,23,declined
E0004,EV035,24,declined
E0005,EV040,1,completed
E0005,EV031,4,skipped
E0005,EV002,5,completed
E0005,EV038,8,completed
E0005,EV001,9,skipped
E0005,EV004,10,completed
E0005,EV038,11,completed
E0005,EV036,12,skipped
E0005,EV002,13,completed
E0005,EV039,15,completed
E0005,EV037,16,skipped
E0005,EV036,17,declined
E0005,EV002,18,completed
E0005,EV003,20,completed
E0005,EV037,21,completed
E0005,EV002,23,completed
E0006,EV034,1,completed
E0006,EV037,2,completed
E0006,EV038,3,declined
E0006,EV001,6,completed
E0006,EV002,7,completed
E0006,EV034,8,completed
E0006,EV038,9,skipped
E0006,EV035,11,completed
E0006,EV038,13,declined
E0006,EV032,14,completed
E0006,EV036,15,completed
E0006,EV003,19,skipped
E0006,EV003,20,declined
E0006,EV038,23,declined
E0007,EV002,1,completed
E0007,EV037,4,completed
E0007,EV037,5,completed
E0007,EV032,7,declined
E0007,EV039,9,completed
E0007,EV003,10,completed
E0007,EV035,12,skipped
E0007,EV004,13,completed
E0007,EV036,15,skipped
E0007,EV039,18,completed
E0007,EV038,19,declined
E0007,EV034,20,completed
E0007,EV034,21,completed
E0007,EV036,22,completed
E0007,EV002,23,completed
E0007,EV035,24,completed
E0008,EV035,3,completed
E0008,EV038,4,completed
E0008,EV032,5,skipped
E0008,EV031,6,completed
E0008,EV004,7,completed
E0008,EV036,8,completed
E0008,EV039,10,completed
E0008,EV036,11,completed
E0008,EV040,13,completed
E0008,EV033,16,completed
E0008,EV005,17,completed
E0008,EV002,19,skipped
E0008,EV035,20,completed
E0008,EV005,21,skipped
E0008,EV003,23,skipped
E0008,EV004,24,completed
E0009,EV038,1,completed
E0009,EV040,3,completed
E0009,EV005,13,completed
E0009,EV034,17,completed
E0009,EV038,19,completed
E0009,EV032,22,completed
E0009,EV038,24,completed
E0010,EV036,1,completed
E0010,EV038,3,declined
E0010,EV036,12,completed
E0010,EV034,13,completed
E0010,EV003,15,completed
E0010,EV035,17,completed
E0010,EV003,22,completed
E0010,EV033,23,declined
E0011,EV033,2,declined
E0011,EV040,3,completed
E0011,EV036,7,completed
E0011,EV037,8,declined
E0011,EV036,9,skipped
E0011,EV039,12,declined
E0011,EV035,13,completed
E0011,EV003,17,completed
E0011,EV032,22,completed
E0012,EV039,8,skipped
E0012,EV033,9,skipped
E0012,EV040,12,completed
E0012,EV034,13,skipped
E0012,EV033,17,completed
E0012,EV002,22,completed
E0012,EV005,24,completed
E0013,EV001,3,completed
E0013,EV003,4,skipped
E0013,EV003,7,completed
E0013,EV034,8,completed
E0013,EV035,10,completed
E0013,EV003,11,skipped
E0013,EV003,14,skipped
E0013,EV032,16,completed
E0013,EV035,17,completed
E0013,EV040,18,completed
E0013,EV036,19,skipped
E0013,EV002,21,completed
E0013,EV035,22,declined
E0013,EV039,23,completed
E0013,EV004,24,skipped
E0014,EV004,1,completed
E0014,EV040,2,completed
E0014,EV032,3,skipped
E0014,EV035,4,completed
E0014,EV033,6,declined
E0014,EV035,7,completed
E0014,EV038,9,completed
E0014,EV038,11,completed
E0014,EV033,14,completed
E0014,EV040,15,completed
E0014,EV039,16,completed
E0014,EV038,17,completed
E0014,EV032,20,completed
E0014,EV031,22,skipped
E0014,EV037,24,completed
E0015,EV005,2,completed
E0015,EV034,4,skipped
E0015,EV004,5,completed
E0015,EV037,8,skipped
E0015,EV035,9,completed
E0015,EV034,12,completed
E0015,EV036,14,completed
E0015,EV038,15,completed
E0015,EV031,16,completed
E0015,EV032,19,completed
E0015,EV005,20,completed
E0015,EV034,23,skipped
E0016,EV034,6,completed
E0016,EV005,7,completed
E0016,EV038,9,completed
E0016,EV037,12,completed
E0016,EV039,13,completed
E0016,EV037,14,completed
E0016,EV038,16,completed
E0016,EV003,18,completed
E0016,EV034,20,completed
E0016,EV031,22,skipped
E0017,EV037,1,completed
E0017,EV032,2,completed
E0017,EV034,3,completed
E0017,EV035,4,completed
E0017,EV038,5,skipped
E0017,EV036,6,completed
E0017,EV001,13,completed
E0017,EV036,14,declined
E0017,EV034,15,completed
E0017,EV001,16,skipped
E0017,EV034,17,completed
E0017,EV004,18,completed
E0017,EV036,20,completed
E0017,EV004,22,completed
E0017,EV003,23,completed
E0017,EV005,24,skipped
E0018,EV004,1,completed
E0018,EV004,3,completed
E0018,EV032,5,completed
E0018,EV005,6,completed
E0018,EV034,7,completed
E0018,EV002,10,completed
E0018,EV031,12,declined
E0018,EV038,13,completed
E0018,EV005,14,skipped
E0018,EV039,17,skipped
E0018,EV005,19,completed
E0018,EV032,23,completed
E0019,EV038,1,declined
E0019,EV036,3,completed
E0019,EV038,4,completed
E0019,EV031,7,completed
E0019,EV001,9,completed
E0019,EV005,11,completed
E0019,EV002,15,completed
E0019,EV037,16,skipped
E0019,EV002,19,completed
E0019,EV003,22,completed
E0019,EV031,24,completed
E0020,EV004,7,completed
E0020,EV039,8,completed
E0020,EV035,9,completed
E0020,EV038,16,completed
E0020,EV040,19,completed
E0020,EV036,22,completed
E0020,EV001,23,skipped
E0020,EV034,24,declined
E0021,EV038,4,completed
E0021,EV001,6,completed
E0021,EV032,7,completed
E0021,EV034,9,completed
E0021,EV031,11,completed
E0021,EV036,16,skipped
E0021,EV033,17,declined
E0021,EV037,19,completed
E0021,EV031,20,completed
E0021,EV001,22,completed
E0021,EV032,24,completed
E0022,EV032,6,completed
E0022,EV037,8,skipped
E0022,EV031,9,skipped
E0022,EV005,11,skipped
E0022,EV035,12,completed
E0022,EV035,16,skipped
E0022,EV039,18,completed
E0022,EV005,21,declined
E0022,EV034,22,completed
E0022,EV032,24,completed
E0023,EV038,1,completed
E0023,EV005,5,completed
E0023,EV035,6,completed
E0023,EV002,11,completed
E0023,EV001,14,completed
E0023,EV005,16,completed
E0023,EV036,17,completed
E0023,EV037,24,completed
E0024,EV034,1,completed
E0024,EV037,4,completed
E0024,EV002,5,completed
E0024,EV005,6,completed
E0024,EV003,7,skipped
E0024,EV036,9,skipped
E0024,EV031,11,completed
E0024,EV035,12,completed
E0024,EV039,13,declined
E0024,EV002,14,completed
E0024,EV004,15,completed
E0024,EV036,16,completed
E0024,EV005,18,completed
E0024,EV032,22,completed
E0025,EV036,1,completed
E0025,EV037,4,completed
E0025,EV002,5,completed
E0025,EV032,6,completed
E0025,EV002,12,declined
E0025,EV033,14,completed
E0025,EV001,15,skipped
E0025,EV034,17,skipped
E0025,EV002,19,completed
E0025,EV035,23,completed
E0025,EV036,24,declined
E0026,EV001,1,completed
E0026,EV039,5,declined
E0026,EV039,6,completed
E0026,EV039,8,completed
E0026,EV005,10,completed
E0026,EV003,15,declined
E0026,EV037,17,completed
E0026,EV035,20,completed
E0026,EV036,21,completed
E0027,EV032,3,completed
E0027,EV005,5,completed
E0027,EV034,6,skipped
E0027,EV039,8,completed
E0027,EV005,10,completed
E0027,EV001,12,completed
E0027,EV033,16,declined
E0027,EV033,17,completed
E0027,EV038,18,completed
E0027,EV005,21,completed
E0027,EV038,23,completed
E0027,EV031,24,completed
E0028,EV034,3,skipped
E0028,EV040,4,completed
E0028,EV037,6,completed
E0028,EV005,7,completed
E0028,EV034,8,skipped
E0028,EV032,9,completed
E0028,EV002,11,completed
E0028,EV005,13,completed
E0028,EV033,20,completed
E0028,EV005,21,completed
E0028,EV033,23,completed
E0028,EV001,24,completed
E0029,EV037,4,completed
E0029,EV002,5,completed
E0029,EV033,6,completed
E0029,EV032,9,completed
E0029,EV038,10,completed
E0029,EV031,15,completed
E0030,EV005,2,skipped
E0030,EV039,3,completed
E0030,EV038,4,completed
E0030,EV032,5,skipped
E0030,EV033,6,completed
E0030,EV001,9,completed
E0030,EV037,13,skipped
E0030,EV034,14,completed
E0030,EV004,16,completed
E0030,EV036,18,declined
E0030,EV040,24,completed
E0031,EV036,4,completed
E0031,EV031,9,skipped
E0031,EV039,16,completed
E0031,EV002,17,completed
E0031,EV032,18,completed
E0031,EV003,24,skipped
E0032,EV036,1,completed
E0032,EV040,2,declined
E0032,EV038,3,completed
E0032,EV001,5,completed
E0032,EV003,8,completed
E0032,EV038,12,completed
E0032,EV033,16,completed
E0032,EV034,17,skipped
E0032,EV038,19,completed
E0032,EV040,20,completed
E0032,EV004,22,completed
E0032,EV032,24,completed
E0033,EV039,5,skipped
E0033,EV040,6,skipped
E0033,EV003,7,completed
E0033,EV003,8,completed
E0033,EV039,10,completed
E0033,EV031,12,skipped
E0033,EV038,15,completed
E0033,EV032,16,completed
E0033,EV040,17,completed
E0033,EV039,18,completed
E0033,EV035,19,completed
E0033,EV037,22,completed
E0033,EV034,23,skipped
E0034,EV004,1,completed
E0034,EV004,3,completed
E0034,EV035,4,completed
E0034,EV032,5,completed
E0034,EV034,10,skipped
E0034,EV035,11,completed
E0034,EV031,13,completed
E0034,EV037,14,completed
E0034,EV040,15,declined
E0034,EV036,16,completed
E0034,EV040,18,skipped
E0034,EV033,20,skipped
E0034,EV001,21,completed
E0034,EV037,23,declined
E0035,EV007,2,completed
E0035,EV009,3,completed
E0035,EV009,4,completed
E0035,EV036,9,completed
E0035,EV036,10,declined
E0035,EV034,17,completed
E0035,EV032,18,completed
E0035,EV038,20,completed
E0035,EV031,21,completed
E0035,EV037,23,completed
E0035,EV040,24,completed
E0036,EV039,6,completed
E0036,EV035,7,completed
E0036,EV034,11,completed
E0036,EV038,12,completed
E0036,EV037,13,completed
E0036,EV033,14,completed
E0036,EV032,15,completed
E0036,EV006,16,declined
E0036,EV035,17,completed
E0036,EV008,18,declined
E0036,EV010,21,completed
E0036,EV009,22,completed
E0036,EV031,23,completed
E0036,EV039,24,declined
E0037,EV009,2,completed
E0037,EV038,3,completed
E0037,EV035,4,completed
E0037,EV040,5,completed
E0037,EV007,6,completed
E0037,EV038,10,completed
E0037,EV033,12,skipped
E0037,EV037,15,completed
E0037,EV039,17,declined
E0037,EV035,18,completed
E0037,EV006,19,completed
E0037,EV035,20,completed
E0037,EV038,22,completed
E0037,EV038,24,completed
E0038,EV034,1,completed
E0038,EV031,2,completed
E0038,EV009,4,completed
E0038,EV036,6,completed
E0038,EV032,8,declined
E0038,EV038,9,completed
E0038,EV034,10,completed
E0038,EV032,13,completed
E0038,EV032,14,completed
E0038,EV031,19,completed
E0038,EV035,20,completed
E0038,EV034,21,completed
E0039,EV034,5,completed
E0039,EV007,7,completed
E0039,EV032,9,completed
E0039,EV040,10,skipped
E0039,EV007,12,completed
E0039,EV032,13,completed
E0039,EV009,16,completed
E0039,EV035,18,skipped
E0039,EV038,19,completed
E0039,EV031,21,completed
E0039,EV038,23,completed
E0039,EV008,24,completed
E0040,EV039,2,skipped
E0040,EV010,3,completed
E0040,EV037,4,skipped
E0040,EV010,5,completed
E0040,EV006,7,completed
E0040,EV037,8,completed
E0040,EV009,12,completed
E0040,EV038,21,completed
E0040,EV033,22,completed
E0041,EV036,1,declined
E0041,EV007,2,completed
E0041,EV010,4,completed
E0041,EV040,5,completed
E0041,EV039,6,completed
E0041,EV010,8,skipped
E0041,EV036,9,completed
E0041,EV032,10,completed
E0041,EV037,12,completed
E0041,EV031,13,completed
E0041,EV035,16,completed
E0041,EV008,17,completed
E0041,EV033,19,completed
E0041,EV037,20,completed
E0041,EV009,23,declined
E0041,EV010,24,completed
E0042,EV010,1,skipped
E0042,EV036,8,completed
E0042,EV032,10,skipped
E0042,EV039,12,declined
E0042,EV034,17,declined
E0042,EV009,21,completed
E0042,EV040,22,completed
E0042,EV008,23,completed
E0043,EV036,3,completed
E0043,EV034,4,completed
E0043,EV009,5,skipped
E0043,EV010,6,completed
E0043,EV040,8,completed
E0043,EV008,9,completed
E0043,EV040,10,declined
E0043,EV008,14,completed
E0043,EV035,15,declined
E0043,EV031,16,completed
E0043,EV034,19,declined
E0043,EV007,20,completed
E0043,EV039,21,skipped
E0043,EV037,22,completed
E0043,EV031,23,skipped
E0043,EV032,24,declined
E0044,EV009,1,completed
E0044,EV031,4,completed
E0044,EV038,5,skipped
E0044,EV034,6,skipped
E0044,EV033,7,declined
E0044,EV031,8,completed
E0044,EV032,9,completed
E0044,EV008,18,skipped
E0045,EV008,3,declined
E0045,EV033,7,skipped
E0045,EV033,8,completed
E0045,EV039,9,skipped
E0045,EV009,14,skipped
E0045,EV038,21,completed
E0046,EV040,1,declined
E0046,EV034,2,completed
E0046,EV037,4,completed
E0046,EV032,8,completed
E0046,EV036,11,declined
E0046,EV009,13,completed
E0046,EV032,15,skipped
E0046,EV038,17,skipped
E0046,EV033,18,completed
E0046,EV010,19,completed
E0046,EV006,20,completed
E0046,EV040,24,completed
E0047,EV033,1,completed
E0047,EV037,3,skipped
E0047,EV040,4,completed
E0047,EV010,5,completed
E0047,EV036,6,declined
E0047,EV038,8,completed
E0047,EV037,13,completed
E0047,EV007,14,completed
E0047,EV036,17,completed
E0047,EV034,18,completed
E0047,EV037,19,skipped
E0047,EV034,21,completed
E0047,EV008,24,completed
E0048,EV032,2,completed
E0048,EV037,5,skipped
E0048,EV033,6,completed
E0048,EV008,11,completed
E0048,EV008,19,declined
E0048,EV006,20,completed
E0048,EV010,21,completed
E0048,EV033,22,skipped
E0049,EV033,7,completed
E0049,EV007,8,completed
E0049,EV006,16,completed
E0049,EV034,19,completed
E0049,EV036,20,completed
E0049,EV039,23,completed
E0050,EV008,2,declined
E0050,EV037,3,completed
E0050,EV040,5,completed
E0050,EV038,7,completed
E0050,EV031,9,declined
E0050,EV039,10,completed
E0050,EV032,11,skipped
E0050,EV007,12,completed
E0050,EV008,13,completed
E0050,EV039,16,completed
E0050,EV034,17,completed
E0050,EV009,18,completed
E0050,EV035,19,completed
E0050,EV035,21,completed
E0050,EV036,22,skipped
E0050,EV007,23,completed
E0051,EV037,5,completed
E0051,EV033,9,skipped
E0051,EV040,11,completed
E0051,EV037,12,completed
E0051,EV009,14,completed
E0051,EV006,16,completed
E0051,EV038,17,completed
E0051,EV039,19,completed
E0051,EV035,20,declined
E0051,EV032,21,completed
E0052,EV010,3,completed
E0052,EV031,7,skipped
E0052,EV007,9,skipped
E0052,EV031,10,completed
E0052,EV035,21,completed
E0052,EV006,22,skipped
E0053,EV035,1,completed
E0053,EV031,2,completed
E0053,EV006,5,completed
E0053,EV036,7,completed
E0053,EV040,8,skipped
E0053,EV031,9,completed
E0053,EV008,11,skipped
E0053,EV006,12,completed
E0053,EV032,13,completed
E0053,EV039,15,completed
E0053,EV035,16,completed
E0053,EV035,18,completed
E0053,EV038,20,declined
E0053,EV037,21,skipped
E0053,EV037,23,completed
E0053,EV032,24,completed
E0054,EV040,2,completed
E0054,EV034,4,completed
E0054,EV033,6,declined
E0054,EV008,7,completed
E0054,EV040,10,completed
E0054,EV039,12,completed
E0054,EV038,13,completed
E0054,EV038,15,skipped
E0054,EV039,17,declined
E0054,EV034,18,completed
E0054,EV008,23,completed
E0055,EV006,1,completed
E0055,EV010,2,completed
E0055,EV009,3,skipped
E0055,EV009,4,skipped
E0055,EV034,5,skipped
E0055,EV033,9,completed
E0055,EV010,10,completed
E0055,EV010,11,completed
E0055,EV035,13,completed
E0055,EV007,15,completed
E0055,EV031,16,completed
E0055,EV010,18,completed
E0055,EV037,20,skipped
E0055,EV035,21,completed
E0056,EV032,1,completed
E0056,EV037,2,completed
E0056,EV035,4,skipped
E0056,EV037,5,completed
E0056,EV035,13,skipped
E0056,EV031,15,skipped
E0056,EV037,16,skipped
E0056,EV038,18,completed
E0056,EV040,20,declined
E0056,EV033,22,completed
E0056,EV007,24,skipped
E0057,EV032,4,completed
E0057,EV040,5,completed
E0057,EV038,6,skipped
E0057,EV031,8,completed
E0057,EV006,10,completed
E0057,EV007,14,completed
E0057,EV033,15,skipped
E0057,EV010,16,skipped
E0057,EV035,18,completed
E0057,EV034,19,completed
E0057,EV039,21,completed
E0057,EV007,22,completed
E0057,EV036,23,completed
E0058,EV039,2,skipped
E0058,EV032,4,skipped
E0058,EV032,6,completed
E0058,EV031,8,completed
E0058,EV009,13,skipped
E0058,EV036,14,completed
E0058,EV040,16,completed
E0058,EV039,18,skipped
E0058,EV035,19,completed
E0058,EV031,20,completed
E0058,EV039,22,skipped
E0058,EV010,24,declined
E0059,EV032,1,completed
E0059,EV033,2,completed
E0059,EV036,3,declined
E0059,EV010,5,completed
E0059,EV040,7,completed
E0059,EV040,8,declined
E0059,EV032,9,completed
E0059,EV040,11,completed
E0059,EV007,13,completed
E0059,EV035,14,declined
E0059,EV032,16,skipped
E0059,EV039,17,completed
E0059,EV031,19,declined
E0059,EV006,20,completed
E0059,EV034,22,skipped
E0059,EV031,23,completed
E0060,EV034,11,completed
E0060,EV008,13,completed
E0060,EV009,14,completed
E0060,EV039,18,declined
E0060,EV039,19,completed
E0060,EV010,21,declined
E0060,EV036,22,completed
E0060,EV006,23,completed
E0060,EV006,24,completed
E0061,EV008,3,completed
E0061,EV006,4,completed
E0061,EV039,5,completed
E0061,EV037,6,completed
E0061,EV032,7,declined
E0061,EV035,8,completed
E0061,EV006,9,completed
E0061,EV037,14,completed
E0061,EV035,15,completed
E0061,EV037,16,completed
E0061,EV037,17,completed
E0061,EV039,18,declined
E0061,EV038,19,completed
E0061,EV034,20,completed
E0061,EV040,23,completed
E0061,EV009,24,completed
E0062,EV031,1,declined
E0062,EV038,2,completed
E0062,EV008,3,completed
E0062,EV040,6,completed
E0062,EV010,7,completed
E0062,EV035,8,completed
E0062,EV036,9,completed
E0062,EV008,10,completed
E0062,EV036,11,declined
E0062,EV038,14,completed
E0062,EV006,15,completed
E0062,EV007,18,completed
E0062,EV007,19,skipped
E0062,EV010,20,completed
E0062,EV035,21,completed
E0062,EV039,22,completed
E0063,EV008,1,completed
E0063,EV039,2,completed
E0063,EV033,3,skipped
E0063,EV032,5,skipped
E0063,EV009,6,completed
E0063,EV037,8,completed
E0063,EV009,9,completed
E0063,EV039,12,completed
E0063,EV036,13,completed
E0063,EV039,15,completed
E0063,EV008,16,completed
E0063,EV033,18,completed
E0063,EV037,19,declined
E0063,EV040,23,completed
E0063,EV032,24,completed
E0064,EV040,1,completed
E0064,EV031,2,declined
E0064,EV032,5,completed
E0064,EV036,10,skipped
E0064,EV031,11,completed
E0064,EV038,13,completed
E0064,EV036,14,completed
E0064,EV033,15,skipped
E0064,EV037,16,completed
E0064,EV036,17,completed
E0065,EV037,1,completed
E0065,EV009,2,completed
E0065,EV035,3,completed
E0065,EV035,4,completed
E0065,EV039,6,completed
E0065,EV035,8,completed
E0065,EV037,9,declined
E0065,EV007,11,skipped
E0065,EV008,14,skipped
E0065,EV038,15,declined
E0065,EV035,18,skipped
E0065,EV008,19,declined
E0065,EV037,20,completed
E0065,EV010,22,completed
E0065,EV040,23,completed
E0065,EV033,24,declined
E0066,EV040,1,completed
E0066,EV032,2,completed
E0066,EV033,3,completed
E0066,EV034,5,declined
E0066,EV009,6,skipped
E0066,EV007,8,declined
E0066,EV037,9,completed
E0066,EV006,11,completed
E0066,EV035,13,completed
E0066,EV038,14,completed
E0066,EV040,16,completed
E0066,EV036,18,completed
E0066,EV040,19,completed
E0066,EV032,21,completed
E0066,EV037,23,completed
E0066,EV032,24,completed
E0067,EV031,1,completed
E0067,EV032,2,completed
E0067,EV036,3,completed
E0067,EV034,6,skipped
E0067,EV031,8,completed
E0067,EV033,9,skipped
E0067,EV010,10,completed
E0067,EV008,13,completed
E0067,EV032,14,completed
E0067,EV010,16,completed
E0067,EV040,18,completed
E0067,EV037,22,completed
E0067,EV007,24,skipped
E0068,EV038,1,completed
E0068,EV010,2,completed
E0068,EV039,3,skipped
E0068,EV006,5,completed
E0068,EV006,7,completed
E0068,EV037,8,completed
E0068,EV007,13,completed
E0068,EV036,16,completed
E0068,EV033,19,declined
E0069,EV013,1,completed
E0069,EV036,2,completed
E0069,EV015,3,skipped
E0069,EV012,4,completed
E0069,EV013,5,skipped
E0069,EV012,8,skipped
E0069,EV012,10,completed
E0069,EV035,11,skipped
E0069,EV014,15,completed
E0069,EV014,16,completed
E0069,EV038,17,skipped
E0069,EV037,18,completed
E0069,EV031,19,completed
E0069,EV036,24,completed
E0070,EV013,3,skipped
E0070,EV013,4,completed
E0070,EV034,6,completed
E0070,EV014,9,declined
E0070,EV011,11,completed
E0070,EV038,19,skipped
E0071,EV032,1,completed
E0071,EV038,3,skipped
E0071,EV037,6,completed
E0071,EV013,10,completed
E0071,EV034,16,completed
E0071,EV014,21,declined
E0071,EV035,22,completed
E0071,EV035,24,completed
E0072,EV014,1,completed
E0072,EV034,8,declined
E0072,EV035,10,completed
E0072,EV038,12,declined
E0072,EV034,14,completed
E0072,EV038,18,completed
E0072,EV014,21,completed
E0073,EV037,1,completed
E0073,EV034,2,completed
E0073,EV038,5,completed
E0073,EV034,6,completed
E0073,EV040,7,completed
E0073,EV033,8,completed
E0073,EV031,10,completed
E0073,EV037,12,skipped
E0073,EV031,16,completed
E0073,EV012,17,skipped
E0073,EV012,19,skipped
E0073,EV032,20,declined
E0073,EV032,21,declined
E0073,EV012,22,skipped
E0073,EV033,23,completed
E0073,EV032,24,completed
E0074,EV035,1,completed
E0074,EV013,3,completed
E0074,EV033,5,completed
E0074,EV013,6,skipped
E0074,EV014,7,skipped
E0074,EV035,9,completed
E0074,EV038,12,completed
E0074,EV035,13,declined
E0074,EV035,15,declined
E0074,EV039,18,completed
E0074,EV032,19,skipped
E0074,EV033,22,skipped
E0074,EV014,24,completed
E0075,EV011,1,completed
E0075,EV033,5,completed
E0075,EV034,7,completed
E0075,EV034,8,completed
E0075,EV038,11,skipped
E0075,EV039,14,completed
E0075,EV033,21,completed
E0075,EV034,22,skipped
E0075,EV037,23,completed
E0075,EV014,24,completed
E0076,EV037,6,completed
E0076,EV033,10,completed
E0076,EV013,15,skipped
E0076,EV032,16,completed
E0076,EV039,19,completed
E0076,EV033,22,completed
E0077,EV040,2,completed
E0077,EV040,3,completed
E0077,EV040,6,completed
E0077,EV032,7,completed
E0077,EV035,9,completed
E0077,EV031,10,skipped
E0077,EV034,11,completed
E0077,EV034,12,completed
E0077,EV014,14,completed
E0077,EV031,17,skipped
E0077,EV012,20,completed
E0077,EV037,23,declined
E0078,EV012,2,completed
E0078,EV033,8,completed
E0078,EV034,9,skipped
E0078,EV033,11,completed
E0078,EV036,12,skipped
E0078,EV040,14,completed
E0078,EV035,17,completed
E0078,EV036,20,declined
E0078,EV038,24,declined
E0079,EV015,3,completed
E0079,EV013,4,completed
E0079,EV039,6,completed
E0079,EV036,10,completed
E0079,EV032,13,declined
E0079,EV034,15,declined
E0079,EV033,20,completed
E0079,EV033,22,completed
E0079,EV011,23,completed
E0080,EV013,3,skipped
E0080,EV014,5,completed
E0080,EV015,8,skipped
E0080,EV011,10,completed
E0080,EV015,11,completed
E0080,EV013,14,completed
E0080,EV013,15,completed
E0080,EV015,16,completed
E0080,EV013,17,skipped
E0080,EV037,19,declined
E0080,EV038,20,completed
E0080,EV014,21,completed
E0080,EV031,22,completed
E0080,EV033,23,completed
E0081,EV034,5,declined
E0081,EV034,11,completed
E0081,EV040,12,completed
E0081,EV040,15,skipped
E0081,EV013,22,declined
E0081,EV040,24,skipped
E0082,EV013,1,completed
E0082,EV012,2,completed
E0082,EV032,5,completed
E0082,EV014,8,completed
E0082,EV012,10,completed
E0082,EV035,11,skipped
E0082,EV035,12,skipped
E0082,EV038,15,declined
E0082,EV015,16,skipped
E0082,EV012,17,completed
E0082,EV033,19,completed
E0082,EV012,21,declined
E0082,EV032,22,completed
E0082,EV031,24,completed
E0083,EV032,5,completed
E0083,EV015,12,completed
E0083,EV015,13,declined
E0083,EV039,14,completed
E0083,EV014,22,completed
E0083,EV033,23,completed
E0084,EV012,3,declined
E0084,EV035,5,skipped
E0084,EV012,6,completed
E0084,EV036,7,declined
E0084,EV032,8,completed
E0084,EV033,9,completed
E0084,EV038,10,declined
E0084,EV014,14,completed
E0084,EV032,17,completed
E0084,EV033,19,completed
E0084,EV039,20,completed
E0084,EV035,22,completed
E0084,EV034,23,completed
E0085,EV013,4,completed
E0085,EV037,9,completed
E0085,EV011,10,completed
E0085,EV015,14,completed
E0085,EV012,16,completed
E0085,EV031,21,skipped
E0085,EV035,22,completed
E0085,EV015,23,completed
E0086,EV013,1,completed
E0086,EV040,2,completed
E0086,EV031,6,completed
E0086,EV015,9,completed
E0086,EV036,12,declined
E0086,EV031,17,completed
E0086,EV015,19,completed
E0087,EV036,4,completed
E0087,EV031,5,completed
E0087,EV035,6,completed
E0087,EV013,7,completed
E0087,EV034,11,completed
E0087,EV038,12,completed
E0087,EV031,14,declined
E0087,EV013,15,completed
E0087,EV013,16,completed
E0087,EV039,17,completed
E0087,EV040,18,completed
E0087,EV037,20,skipped
E0087,EV034,21,skipped
E0087,EV037,22,completed
E0088,EV031,1,completed
E0088,EV031,3,completed
E0088,EV033,4,skipped
E0088,EV035,5,completed
E0088,EV031,14,completed
E0088,EV015,15,completed
E0088,EV039,16,completed
E0089,EV038,1,completed
E0089,EV032,3,completed
E0089,EV012,4,completed
E0089,EV036,5,completed
E0089,EV011,7,completed
E0089,EV040,10,completed
E0089,EV012,14,skipped
E0089,EV011,20,skipped
E0089,EV038,23,completed
E0090,EV034,1,completed
E0090,EV012,3,skipped
E0090,EV038,4,completed
E0090,EV014,5,completed
E0090,EV015,6,completed
E0090,EV038,7,completed
E0090,EV037,9,completed
E0090,EV014,10,declined
E0090,EV039,12,completed
E0090,EV031,16,completed
E0090,EV013,17,completed
E0090,EV012,19,completed
E0090,EV031,21,declined
E0090,EV032,22,completed
E0090,EV014,23,completed
E0091,EV033,2,completed
E0091,EV015,4,completed
E0091,EV037,5,completed
E0091,EV039,6,completed
E0091,EV034,10,completed
E0091,EV039,12,completed
E0091,EV039,15,completed
E0091,EV039,16,skipped
E0091,EV036,17,completed
E0091,EV011,19,declined
E0091,EV033,24,completed
E0092,EV035,2,skipped
E0092,EV032,3,completed
E0092,EV039,4,completed
E0092,EV033,5,completed
E0092,EV037,6,skipped
E0092,EV035,13,completed
E0092,EV038,14,skipped
E0092,EV032,16,completed
E0092,EV036,17,completed
E0092,EV032,18,declined
E0092,EV034,19,completed
E0092,EV038,21,completed
E0092,EV012,22,completed
E0092,EV033,24,completed
E0093,EV032,1,completed
E0093,EV031,2,completed
E0093,EV035,3,completed
E0093,EV038,4,completed
E0093,EV038,6,completed
E0093,EV033,16,skipped
E0094,EV031,1,skipped
E0094,EV033,2,completed
E0094,EV011,7,completed
E0094,EV036,8,skipped
E0094,EV015,9,skipped
E0094,EV013,11,completed
E0094,EV013,14,completed
E0094,EV032,15,completed
E0094,EV012,17,completed
E0094,EV033,18,completed
E0094,EV036,20,completed
E0094,EV033,22,completed
E0094,EV039,24,skipped
E0095,EV038,1,declined
E0095,EV011,2,skipped
E0095,EV036,3,completed
E0095,EV012,6,completed
E0095,EV031,10,completed
E0095,EV011,11,completed
E0095,EV014,12,completed
E0095,EV015,13,completed
E0095,EV040,14,completed
E0095,EV039,18,completed
E0095,EV031,19,completed
E0095,EV034,20,completed
E0095,EV033,23,skipped
E0096,EV037,1,completed
E0096,EV031,2,completed
E0096,EV038,6,skipped
E0096,EV031,8,completed
E0096,EV015,9,completed
E0096,EV032,10,completed
E0096,EV036,11,skipped
E0096,EV038,13,completed
E0096,EV039,14,completed
E0096,EV015,16,completed
E0096,EV015,17,declined
E0096,EV032,19,skipped
E0096,EV035,21,completed
E0096,EV012,22,completed
E0097,EV032,2,completed
E0097,EV031,3,completed
E0097,EV032,5,completed
E0097,EV034,7,completed
E0097,EV038,9,completed
E0097,EV040,11,completed
E0097,EV037,12,completed
E0097,EV013,13,completed
E0097,EV014,14,completed
E0097,EV039,16,completed
E0097,EV033,17,completed
E0097,EV036,19,completed
E0097,EV035,21,skipped
E0097,EV040,23,completed
E0097,EV035,24,completed
E0098,EV039,3,completed
E0098,EV039,4,completed
E0098,EV013,5,completed
E0098,EV035,8,completed
E0098,EV014,10,completed
E0098,EV014,11,completed
E0098,EV038,14,skipped
E0098,EV033,15,completed
E0098,EV032,17,skipped
E0098,EV040,19,completed
E0098,EV013,23,completed
E0099,EV039,1,completed
E0099,EV013,2,skipped
E0099,EV035,3,completed
E0099,EV040,5,completed
E0099,EV036,6,skipped
E0099,EV038,7,declined
E0099,EV015,10,completed
E0099,EV012,11,completed
E0099,EV012,12,skipped
E0099,EV031,13,completed
E0099,EV035,16,completed
E0099,EV038,18,declined
E0099,EV014,21,declined
E0099,EV014,22,completed
E0099,EV013,23,skipped
E0099,EV015,24,completed
E0100,EV032,4,completed
E0100,EV014,11,declined
E0100,EV040,12,declined
E0100,EV013,16,completed
E0100,EV037,18,completed
E0100,EV015,23,completed
E0101,EV039,2,completed
E0101,EV011,4,declined
E0101,EV032,8,declined
E0101,EV040,9,completed
E0101,EV012,10,declined
E0101,EV038,11,completed
E0101,EV014,12,skipped
E0101,EV013,13,declined
E0101,EV036,15,completed
E0101,EV038,18,skipped
E0101,EV032,19,skipped
E0101,EV015,20,skipped
E0101,EV039,22,skipped
E0101,EV033,23,completed
E0101,EV032,24,declined
E0102,EV035,3,completed
E0102,EV034,6,declined
E0102,EV033,9,completed
E0102,EV038,12,completed
E0102,EV036,14,completed
E0102,EV033,17,skipped
E0102,EV018,23,completed
E0103,EV039,3,completed
E0103,EV020,4,completed
E0103,EV035,5,skipped
E0103,EV038,6,skipped
E0103,EV017,8,completed
E0103,EV018,11,skipped
E0103,EV032,14,declined
E0103,EV040,15,completed
E0103,EV016,17,declined
E0103,EV040,19,completed
E0103,EV035,20,completed
E0104,EV016,2,completed
E0104,EV032,3,skipped
E0104,EV040,5,completed
E0104,EV036,6,completed
E0104,EV019,7,completed
E0104,EV019,9,declined
E0104,EV039,10,skipped
E0104,EV020,13,completed
E0104,EV032,14,completed
E0104,EV039,16,completed
E0104,EV019,21,declined
E0104,EV020,22,completed
E0104,EV019,23,completed
E0105,EV035,1,completed
E0105,EV033,8,completed
E0105,EV033,9,completed
E0105,EV031,10,declined
E0105,EV032,12,completed
E0105,EV037,15,completed
E0105,EV032,20,completed
E0105,EV020,21,completed
E0106,EV016,2,completed
E0106,EV035,8,completed
E0106,EV032,11,completed
E0106,EV018,12,declined
E0106,EV034,16,completed
E0106,EV018,20,completed
E0107,EV018,1,completed
E0107,EV039,3,completed
E0107,EV031,4,declined
E0107,EV020,5,declined
E0107,EV020,6,completed
E0107,EV038,9,declined
E0107,EV034,11,completed
E0107,EV040,14,completed
E0107,EV037,15,declined
E0107,EV038,17,declined
E0107,EV034,23,skipped
E0108,EV017,2,declined
E0108,EV040,3,completed
E0108,EV033,5,completed
E0108,EV037,6,completed
E0108,EV033,7,completed
E0108,EV039,8,completed
E0108,EV018,9,completed
E0108,EV017,12,completed
E0108,EV020,16,completed
E0108,EV018,20,completed
E0108,EV039,21,completed
E0108,EV040,23,completed
E0108,EV019,24,completed
E0109,EV031,1,completed
E0109,EV017,2,skipped
E0109,EV018,3,completed
E0109,EV033,4,skipped
E0109,EV036,5,completed
E0109,EV036,6,declined
E0109,EV035,7,completed
E0109,EV031,8,declined
E0109,EV036,11,completed
E0109,EV033,14,completed
E0109,EV037,16,declined
E0109,EV040,17,declined
E0109,EV035,19,completed
E0109,EV039,22,completed
E0110,EV039,2,completed
E0110,EV016,3,skipped
E0110,EV018,4,completed
E0110,EV032,6,completed
E0110,EV038,9,declined
E0110,EV018,13,completed
E0110,EV033,18,skipped
E0110,EV037,20,skipped
E0110,EV020,21,declined
E0110,EV035,22,completed
E0110,EV036,23,completed
E0111,EV038,3,completed
E0111,EV018,9,completed
E0111,EV032,13,completed
E0111,EV034,14,completed
E0111,EV033,15,completed
E0111,EV036,16,completed
E0111,EV018,18,declined
E0111,EV034,19,completed
E0111,EV034,24,completed
E0112,EV032,5,completed
E0112,EV016,8,completed
E0112,EV040,10,completed
E0112,EV017,16,completed
E0112,EV032,17,completed
E0112,EV036,22,completed
E0112,EV039,23,completed
E0113,EV037,1,completed
E0113,EV036,2,skipped
E0113,EV038,3,completed
E0113,EV040,4,skipped
E0113,EV018,5,completed
E0113,EV017,6,completed
E0113,EV035,7,completed
E0113,EV036,10,completed
E0113,EV034,12,completed
E0113,EV032,13,completed
E0113,EV018,15,completed
E0113,EV033,19,completed
E0113,EV039,20,completed
E0113,EV037,22,completed
E0114,EV019,1,completed
E0114,EV018,2,completed
E0114,EV032,3,skipped
E0114,EV039,4,skipped
E0114,EV019,5,completed
E0114,EV038,10,completed
E0114,EV033,12,completed
E0114,EV017,13,completed
E0114,EV018,15,completed
E0114,EV033,16,declined
E0114,EV033,18,completed
E0114,EV033,20,completed
E0114,EV019,21,completed
E0114,EV039,22,skipped
E0114,EV016,23,completed
E0115,EV035,2,declined
E0115,EV040,9,skipped
E0115,EV033,10,completed
E0115,EV016,12,completed
E0115,EV032,13,completed
E0115,EV034,16,completed
E0115,EV040,18,completed
E0115,EV040,19,completed
E0115,EV033,20,completed
E0115,EV036,21,completed
E0115,EV037,22,completed
E0115,EV018,24,completed
E0116,EV037,5,completed
E0116,EV033,7,declined
E0116,EV039,8,completed
E0116,EV019,10,completed
E0116,EV037,11,completed
E0116,EV033,13,completed
E0116,EV019,14,completed
E0116,EV033,15,completed
E0116,EV032,16,declined
E0116,EV033,17,skipped
E0116,EV019,19,completed
E0116,EV016,20,completed
E0116,EV020,24,completed
E0117,EV017,3,completed
E0117,EV033,4,completed
E0117,EV031,8,skipped
E0117,EV038,11,completed
E0117,EV040,14,skipped
E0117,EV040,20,skipped
E0118,EV018,1,completed
E0118,EV039,2,completed
E0118,EV031,4,completed
E0118,EV020,9,completed
E0118,EV038,14,completed
E0118,EV037,15,skipped
E0118,EV018,17,completed
E0118,EV031,18,skipped
E0118,EV017,19,skipped
E0118,EV033,20,declined
E0118,EV038,21,skipped
E0118,EV019,22,skipped
E0118,EV033,23,completed
E0118,EV034,24,completed
E0119,EV040,5,completed
E0119,EV039,7,skipped
E0119,EV036,8,completed
E0119,EV016,14,completed
E0119,EV038,15,completed
E0119,EV038,17,completed
E0119,EV017,19,completed
E0119,EV031,21,completed
E0119,EV038,22,completed
E0119,EV016,23,completed
E0119,EV016,24,completed
E0120,EV040,1,completed
E0120,EV032,2,completed
E0120,EV019,5,skipped
E0120,EV035,6,skipped
E0120,EV036,9,completed
E0120,EV031,10,skipped
E0120,EV038,11,completed
E0120,EV038,13,completed
E0120,EV020,14,completed
E0120,EV034,15,completed
E0120,EV037,17,completed
E0120,EV040,20,completed
E0120,EV034,21,completed
E0120,EV017,22,completed
E0120,EV020,23,completed
E0121,EV034,1,completed
E0121,EV016,8,skipped
E0121,EV020,9,completed
E0121,EV031,10,completed
E0121,EV038,14,completed
E0121,EV017,18,completed
E0121,EV035,19,completed
E0121,EV033,24,completed
E0122,EV037,3,completed
E0122,EV037,8,completed
E0122,EV031,10,completed
E0122,EV019,11,skipped
E0122,EV031,12,completed
E0122,EV018,13,completed
E0122,EV039,15,completed
E0122,EV017,16,completed
E0122,EV040,17,completed
E0122,EV019,18,completed
E0122,EV031,20,completed
E0122,EV032,21,completed
E0122,EV034,22,skipped
E0122,EV039,23,completed
E0122,EV033,24,completed
E0123,EV037,2,completed
E0123,EV033,5,completed
E0123,EV018,6,declined
E0123,EV031,9,declined
E0123,EV017,12,completed
E0123,EV032,14,completed
E0123,EV031,15,completed
E0123,EV016,16,completed
E0123,EV017,17,completed
E0123,EV031,19,completed
E0123,EV033,21,completed
E0123,EV018,23,completed
E0123,EV035,24,completed
E0124,EV016,1,completed
E0124,EV035,3,completed
E0124,EV033,4,declined
E0124,EV038,6,completed
E0124,EV039,7,completed
E0124,EV035,10,completed
E0124,EV018,12,completed
E0124,EV033,14,skipped
E0124,EV036,16,completed
E0124,EV039,18,completed
E0125,EV034,1,completed
E0125,EV036,2,completed
E0125,EV019,3,declined
E0125,EV034,5,completed
E0125,EV016,8,declined
E0125,EV034,11,completed
E0125,EV033,12,completed
E0125,EV016,13,completed
E0125,EV040,14,skipped
E0125,EV016,15,completed
E0125,EV019,17,completed
E0125,EV037,18,skipped
E0125,EV035,19,skipped
E0125,EV038,20,completed
E0125,EV031,22,completed
E0125,EV016,23,completed
E0126,EV034,1,completed
E0126,EV018,2,completed
E0126,EV038,3,completed
E0126,EV020,6,declined
E0126,EV036,9,completed
E0126,EV035,11,declined
E0126,EV018,13,completed
E0126,EV016,14,completed
E0126,EV017,15,completed
E0126,EV032,17,skipped
E0126,EV020,24,completed
E0127,EV034,2,skipped
E0127,EV032,7,declined
E0127,EV020,8,completed
E0127,EV033,16,completed
E0127,EV017,19,completed
E0127,EV032,20,completed
E0127,EV040,22,skipped
E0128,EV018,3,skipped
E0128,EV034,4,declined
E0128,EV040,5,skipped
E0128,EV016,6,completed
E0128,EV033,8,declined
E0128,EV035,9,skipped
E0128,EV018,10,completed
E0128,EV040,11,declined
E0128,EV020,13,skipped
E0128,EV039,14,completed
E0128,EV031,15,skipped
E0128,EV019,16,completed
E0128,EV034,18,completed
E0128,EV018,21,completed
E0128,EV035,22,completed
E0128,EV017,24,completed
E0129,EV019,4,completed
E0129,EV035,5,completed
E0129,EV040,6,completed
E0129,EV036,7,declined
E0129,EV035,9,completed
E0129,EV040,11,completed
E0129,EV018,12,completed
E0129,EV040,14,completed
E0129,EV033,15,skipped
E0129,EV034,17,completed
E0129,EV040,18,completed
E0129,EV017,19,skipped
E0129,EV040,20,skipped
E0129,EV036,24,completed
E0130,EV019,1,completed
E0130,EV035,4,completed
E0130,EV038,5,completed
E0130,EV019,6,declined
E0130,EV031,7,completed
E0130,EV033,12,declined
E0130,EV037,13,completed
E0130,EV016,15,completed
E0130,EV039,16,skipped
E0130,EV017,18,skipped
E0130,EV035,19,completed
E0130,EV018,20,completed
E0130,EV036,21,completed
E0130,EV036,22,completed
E0130,EV035,24,completed
E0131,EV039,5,completed
E0131,EV037,7,completed
E0131,EV035,8,completed
E0131,EV034,9,skipped
E0131,EV016,17,declined
E0131,EV036,19,completed
E0131,EV036,23,completed
E0132,EV016,2,completed
E0132,EV032,4,completed
E0132,EV031,9,completed
E0132,EV019,12,completed
E0132,EV040,14,completed
E0132,EV016,15,declined
E0132,EV019,16,declined
E0132,EV032,17,declined
E0132,EV040,18,completed
E0132,EV018,20,completed
E0132,EV017,21,completed
E0132,EV017,22,completed
E0133,EV033,4,completed
E0133,EV031,8,skipped
E0133,EV039,9,completed
E0133,EV038,11,completed
E0133,EV017,19,skipped
E0133,EV035,21,completed
E0134,EV036,1,completed
E0134,EV017,2,completed
E0134,EV034,3,completed
E0134,EV039,4,skipped
E0134,EV017,5,completed
E0134,EV032,8,completed
E0134,EV035,10,skipped
E0134,EV035,11,completed
E0134,EV032,13,completed
E0134,EV032,15,skipped
E0134,EV035,17,completed
E0134,EV036,20,declined
E0134,EV038,21,completed
E0134,EV034,22,skipped
E0134,EV019,23,completed
E0135,EV038,3,completed
E0135,EV023,4,completed
E0135,EV032,5,completed
E0135,EV036,7,declined
E0135,EV025,8,completed
E0135,EV034,9,skipped
E0135,EV023,10,completed
E0135,EV035,12,completed
E0135,EV031,14,declined
E0135,EV034,15,completed
E0135,EV036,16,completed
E0135,EV024,17,completed
E0135,EV039,18,completed
E0135,EV021,19,skipped
E0135,EV024,21,declined
E0136,EV031,3,completed
E0136,EV033,7,skipped
E0136,EV040,10,completed
E0136,EV024,11,declined
E0136,EV036,14,completed
E0136,EV024,15,completed
E0136,EV024,16,completed
E0136,EV037,19,skipped
E0136,EV039,23,completed
E0137,EV023,1,completed
E0137,EV024,3,completed
E0137,EV040,4,skipped
E0137,EV021,6,declined
E0137,EV024,12,completed
E0137,EV023,13,completed
E0137,EV025,20,completed
E0137,EV031,21,skipped
E0137,EV024,22,completed
E0138,EV025,1,completed
E0138,EV031,4,skipped
E0138,EV036,5,completed
E0138,EV034,7,declined
E0138,EV035,11,skipped
E0138,EV040,13,completed
E0138,EV022,22,completed
E0139,EV039,2,completed
E0139,EV038,7,completed
E0139,EV024,8,completed
E0139,EV038,11,completed
E0139,EV023,12,skipped
E0139,EV035,13,skipped
E0139,EV024,14,completed
E0139,EV038,18,completed
E0139,EV036,24,completed
E0140,EV024,1,skipped
E0140,EV024,5,skipped
E0140,EV024,6,skipped
E0140,EV025,7,completed
E0140,EV032,8,completed
E0140,EV040,10,skipped
E0140,EV025,11,completed
E0140,EV023,12,skipped
E0140,EV025,14,completed
E0140,EV031,15,completed
E0140,EV021,16,completed
E0140,EV035,17,completed
E0140,EV033,21,completed
E0140,EV032,22,completed
E0140,EV033,23,completed
E0140,EV032,24,completed
E0141,EV024,3,completed
E0141,EV022,9,completed
E0141,EV034,10,completed
E0141,EV024,12,completed
E0141,EV025,15,completed
E0141,EV039,17,skipped
E0141,EV039,19,completed
E0141,EV037,21,completed
E0141,EV023,23,declined
E0141,EV038,24,completed
E0142,EV032,1,completed
E0142,EV037,5,completed
E0142,EV033,10,completed
E0142,EV035,12,skipped
E0142,EV038,13,completed
E0142,EV039,14,completed
E0142,EV038,16,completed
E0142,EV039,20,completed
E0142,EV038,23,declined
E0142,EV032,24,completed
E0143,EV038,1,completed
E0143,EV038,4,completed
E0143,EV025,5,completed
E0143,EV021,6,completed
E0143,EV021,7,declined
E0143,EV023,10,declined
E0143,EV031,11,completed
E0143,EV038,12,completed
E0143,EV035,13,completed
E0143,EV032,16,declined
E0143,EV024,19,declined
E0143,EV022,22,completed
E0143,EV024,23,completed
E0143,EV031,24,completed
E0144,EV022,1,declined
E0144,EV032,2,completed
E0144,EV024,3,completed
E0144,EV034,4,completed
E0144,EV021,6,completed
E0144,EV021,16,completed
E0144,EV039,18,declined
E0144,EV032,20,completed
E0144,EV022,22,completed
E0144,EV032,23,completed
E0145,EV034,6,completed
E0145,EV033,7,completed
E0145,EV021,10,declined
E0145,EV033,14,completed
E0145,EV032,16,skipped
E0145,EV024,19,completed
E0145,EV040,23,completed
E0145,EV033,24,completed
E0146,EV032,6,completed
E0146,EV040,10,completed
E0146,EV032,12,completed
E0146,EV040,13,completed
E0146,EV037,15,completed
E0146,EV032,21,completed
E0146,EV021,24,completed
E0147,EV038,2,completed
E0147,EV038,3,skipped
E0147,EV032,4,completed
E0147,EV025,7,completed
E0147,EV021,10,completed
E0147,EV022,12,completed
E0147,EV036,14,completed
E0147,EV032,16,completed
E0147,EV032,18,skipped
E0147,EV032,21,completed
E0148,EV039,3,completed
E0148,EV023,8,completed
E0148,EV021,15,completed
E0148,EV023,16,completed
E0148,EV034,17,completed
E0148,EV023,18,completed
E0148,EV038,19,completed
E0148,EV025,20,completed
E0148,EV031,21,completed
E0148,EV037,22,completed
E0148,EV036,23,completed
E0149,EV033,4,completed
E0149,EV021,10,completed
E0149,EV032,13,skipped
E0149,EV040,17,completed
E0149,EV040,21,completed
E0149,EV022,24,completed
E0150,EV022,2,skipped
E0150,EV031,3,skipped
E0150,EV024,4,completed
E0150,EV040,6,completed
E0150,EV032,7,completed
E0150,EV024,8,completed
E0150,EV031,9,skipped
E0150,EV032,18,completed
E0150,EV021,22,skipped
E0150,EV033,23,completed
E0150,EV036,24,declined
E0151,EV031,2,declined
E0151,EV037,3,completed
E0151,EV040,4,declined
E0151,EV037,6,completed
E0151,EV023,7,completed
E0151,EV040,9,completed
E0151,EV039,10,completed
E0151,EV022,14,completed
E0151,EV035,16,declined
E0151,EV033,20,completed
E0151,EV036,24,completed
E0152,EV037,1,completed
E0152,EV024,4,completed
E0152,EV021,8,completed
E0152,EV033,10,completed
E0152,EV023,20,completed
E0152,EV036,24,completed
E0153,EV024,1,completed
E0153,EV021,2,declined
E0153,EV036,4,declined
E0153,EV038,5,completed
E0153,EV037,6,completed
E0153,EV039,9,completed
E0153,EV031,10,completed
E0153,EV036,11,completed
E0153,EV039,12,completed
E0153,EV024,13,completed
E0153,EV023,14,declined
E0153,EV023,15,completed
E0153,EV035,17,completed
E0153,EV038,20,declined
E0153,EV024,23,completed
E0154,EV025,4,skipped
E0154,EV033,6,completed
E0154,EV031,7,completed
E0154,EV023,8,completed
E0154,EV032,10,completed
E0154,EV037,11,completed
E0154,EV023,14,skipped
E0154,EV038,16,completed
E0154,EV038,17,completed
E0154,EV039,18,completed
E0154,EV040,21,declined
E0154,EV035,23,completed
E0154,EV034,24,completed
E0155,EV033,3,completed
E0155,EV040,5,completed
E0155,EV021,10,skipped
E0155,EV037,11,completed
E0155,EV033,12,completed
E0155,EV032,13,declined
E0155,EV037,15,completed
E0155,EV033,16,completed
E0155,EV035,18,completed
E0155,EV040,20,completed
E0156,EV032,1,declined
E0156,EV037,6,completed
E0156,EV033,7,completed
E0156,EV039,9,completed
E0156,EV037,11,completed
E0156,EV037,12,completed
E0156,EV023,14,completed
E0156,EV033,16,declined
E0156,EV023,17,completed
E0156,EV035,18,completed
E0156,EV036,19,skipped
E0156,EV021,24,completed
E0157,EV034,3,skipped
E0157,EV032,5,completed
E0157,EV037,6,completed
E0157,EV040,7,declined
E0157,EV039,9,completed
E0157,EV036,12,completed
E0157,EV038,14,completed
E0157,EV023,16,completed
E0157,EV024,17,declined
E0157,EV032,19,completed
E0157,EV021,23,declined
E0157,EV039,24,skipped
E0158,EV033,2,completed
E0158,EV024,3,skipped
E0158,EV021,4,completed
E0158,EV038,5,skipped
E0158,EV025,6,declined
E0158,EV039,8,skipped
E0158,EV036,9,declined
E0158,EV022,10,skipped
E0158,EV023,12,completed
E0158,EV022,14,completed
E0158,EV025,19,completed
E0158,EV021,20,completed
E0158,EV033,21,completed
E0158,EV038,24,completed
E0159,EV031,1,skipped
E0159,EV031,2,declined
E0159,EV039,4,completed
E0159,EV031,6,skipped
E0159,EV032,7,completed
E0159,EV031,8,declined
E0159,EV038,9,completed
E0159,EV033,10,skipped
E0159,EV032,12,completed
E0159,EV040,13,declined
E0159,EV021,14,skipped
E0159,EV039,15,completed
E0159,EV037,17,skipped
E0159,EV024,19,completed
E0159,EV035,20,completed
E0159,EV039,21,completed
E0160,EV035,1,completed
E0160,EV037,2,completed
E0160,EV022,8,completed
E0160,EV040,11,declined
E0160,EV033,12,declined
E0160,EV039,15,completed
E0160,EV022,21,completed
E0160,EV025,22,completed
E0160,EV037,24,completed
E0161,EV024,2,completed
E0161,EV023,3,skipped
E0161,EV036,5,completed
E0161,EV022,6,completed
E0161,EV037,8,completed
E0161,EV040,9,declined
E0161,EV040,10,completed
E0161,EV025,11,completed
E0161,EV025,14,completed
E0161,EV040,15,completed
E0161,EV036,16,completed
E0161,EV034,17,completed
E0161,EV033,22,completed
E0161,EV037,23,completed
E0161,EV024,24,declined
E0162,EV031,2,completed
E0162,EV040,3,completed
E0162,EV022,5,completed
E0162,EV023,8,skipped
E0162,EV032,11,completed
E0162,EV021,12,completed
E0162,EV035,13,completed
E0162,EV039,14,completed
E0162,EV032,15,completed
E0162,EV031,17,skipped
E0162,EV040,18,skipped
E0162,EV034,19,completed
E0162,EV035,21,completed
E0162,EV032,22,completed
E0162,EV039,23,completed
E0163,EV025,2,completed
E0163,EV037,5,completed
E0163,EV039,10,completed
E0163,EV033,11,skipped
E0163,EV024,15,completed
E0163,EV037,16,declined
E0163,EV021,20,declined
E0163,EV031,21,completed
E0163,EV037,22,completed
E0164,EV031,1,completed
E0164,EV033,2,declined
E0164,EV038,6,completed
E0164,EV022,10,completed
E0164,EV025,13,completed
E0164,EV040,16,completed
E0164,EV039,20,completed
E0164,EV022,22,completed
E0164,EV038,23,skipped
E0165,EV023,6,completed
E0165,EV033,10,completed
E0165,EV023,15,completed
E0165,EV038,19,completed
E0165,EV037,21,completed
E0165,EV031,23,completed
E0166,EV023,1,completed
E0166,EV032,2,completed
E0166,EV022,4,completed
E0166,EV033,5,completed
E0166,EV035,6,declined
E0166,EV036,7,completed
E0166,EV038,9,completed
E0166,EV038,10,completed
E0166,EV022,11,skipped
E0166,EV039,12,skipped
E0166,EV032,13,completed
E0166,EV036,14,completed
E0166,EV021,16,completed
E0166,EV022,17,completed
E0166,EV036,20,completed
E0166,EV034,21,completed
E0167,EV023,2,completed
E0167,EV037,3,completed
E0167,EV034,4,skipped
E0167,EV038,6,skipped
E0167,EV033,9,completed
E0167,EV039,10,completed
E0167,EV037,13,skipped
E0167,EV036,14,completed
E0167,EV038,16,completed
E0167,EV036,18,skipped
E0167,EV023,19,skipped
E0167,EV037,20,completed
E0167,EV034,21,completed
E0167,EV031,23,completed
E0167,EV023,24,completed
E0168,EV031,2,declined
E0168,EV028,3,completed
E0168,EV036,4,completed
E0168,EV030,9,completed
E0168,EV034,10,declined
E0168,EV030,17,completed
E0168,EV033,18,completed
E0169,EV028,1,completed
E0169,EV039,2,completed
E0169,EV028,4,completed
E0169,EV029,7,completed
E0169,EV030,8,completed
E0169,EV035,12,completed
E0169,EV034,17,completed
E0169,EV032,18,completed
E0169,EV028,20,completed
E0169,EV027,21,declined
E0169,EV036,24,completed
E0170,EV026,3,declined
E0170,EV029,6,completed
E0170,EV027,7,completed
E0170,EV036,9,completed
E0170,EV027,12,completed
E0170,EV027,14,completed
E0170,EV031,16,skipped
E0170,EV028,17,skipped
E0170,EV029,18,completed
E0170,EV027,19,completed
E0170,EV029,20,completed
E0170,EV027,21,skipped
E0170,EV027,23,completed
E0170,EV037,24,skipped
E0171,EV028,2,completed
E0171,EV037,3,completed
E0171,EV038,4,completed
E0171,EV035,6,skipped
E0171,EV032,7,completed
E0171,EV028,9,completed
E0171,EV036,10,completed
E0171,EV028,12,completed
E0171,EV028,13,completed
E0171,EV037,17,completed
E0171,EV040,18,completed
E0171,EV031,19,completed
E0171,EV029,24,completed
E0172,EV032,2,skipped
E0172,EV039,5,completed
E0172,EV027,6,completed
E0172,EV029,8,declined
E0172,EV028,9,completed
E0172,EV027,10,completed
E0172,EV034,11,declined
E0172,EV038,12,skipped
E0172,EV032,14,completed
E0172,EV040,15,completed
E0172,EV033,17,completed
E0172,EV036,21,declined
E0172,EV040,23,completed
E0173,EV027,1,completed
E0173,EV028,2,completed
E0173,EV026,3,skipped
E0173,EV032,4,completed
E0173,EV027,7,completed
E0173,EV036,8,skipped
E0173,EV034,9,skipped
E0173,EV039,11,completed
E0173,EV030,12,completed
E0173,EV030,13,completed
E0173,EV037,14,completed
E0173,EV032,15,completed
E0173,EV030,16,declined
E0173,EV036,17,skipped
E0173,EV040,18,completed
E0174,EV031,1,completed
E0174,EV032,2,completed
E0174,EV027,3,completed
E0174,EV040,6,completed
E0174,EV027,7,declined
E0174,EV026,10,completed
E0174,EV036,11,completed
E0174,EV033,12,completed
E0174,EV030,15,completed
E0174,EV040,16,completed
E0174,EV038,20,completed
E0174,EV033,21,completed
E0174,EV033,22,completed
E0174,EV031,23,completed
E0174,EV026,24,completed
E0175,EV028,2,completed
E0175,EV033,4,declined
E0175,EV030,5,completed
E0175,EV033,7,completed
E0175,EV038,10,completed
E0175,EV028,11,completed
E0175,EV038,13,skipped
E0175,EV032,14,completed
E0175,EV040,21,completed
E0176,EV038,1,completed
E0176,EV026,4,completed
E0176,EV031,5,completed
E0176,EV035,12,completed
E0176,EV032,17,completed
E0176,EV030,21,completed
E0176,EV038,22,completed
E0176,EV035,24,completed
E0177,EV029,4,declined
E0177,EV035,6,completed
E0177,EV028,7,completed
E0177,EV028,8,completed
E0177,EV030,9,declined
E0177,EV040,14,completed
E0177,EV026,16,completed
E0177,EV027,23,skipped
E0177,EV032,24,completed
E0178,EV030,2,completed
E0178,EV031,4,completed
E0178,EV029,10,completed
E0178,EV026,11,completed
E0178,EV026,14,completed
E0178,EV037,16,skipped
E0178,EV030,17,completed
E0178,EV040,21,completed
E0178,EV032,23,skipped
E0179,EV031,1,completed
E0179,EV035,4,completed
E0179,EV031,5,completed
E0179,EV030,10,completed
E0179,EV032,11,completed
E0179,EV027,12,completed
E0179,EV037,13,completed
E0179,EV026,16,completed
E0179,EV040,18,skipped
E0179,EV039,22,completed
E0179,EV037,24,completed
E0180,EV040,2,skipped
E0180,EV036,5,completed
E0180,EV040,6,skipped
E0180,EV033,7,completed
E0180,EV040,9,declined
E0180,EV038,10,completed
E0180,EV035,11,skipped
E0180,EV028,12,completed
E0180,EV035,14,completed
E0180,EV037,16,completed
E0180,EV039,17,completed
E0180,EV036,18,completed
E0180,EV034,19,declined
E0180,EV028,21,completed
E0180,EV034,22,completed
E0181,EV034,1,completed
E0181,EV039,6,completed
E0181,EV037,7,completed
E0181,EV027,9,completed
E0181,EV026,12,completed
E0181,EV030,14,completed
E0181,EV028,15,declined
E0181,EV030,20,declined
E0181,EV030,21,skipped
E0181,EV026,22,completed
E0181,EV029,23,declined
E0181,EV029,24,completed
E0182,EV028,1,skipped
E0182,EV026,3,completed
E0182,EV039,4,skipped
E0182,EV038,5,skipped
E0182,EV037,6,completed
E0182,EV032,9,declined
E0182,EV030,10,skipped
E0182,EV036,11,completed
E0182,EV029,12,skipped
E0182,EV029,14,completed
E0182,EV029,15,completed
E0182,EV038,17,declined
E0182,EV032,18,completed
E0182,EV029,20,completed
E0182,EV032,22,completed
E0182,EV040,24,completed
E0183,EV035,1,completed
E0183,EV028,3,completed
E0183,EV029,6,completed
E0183,EV036,7,declined
E0183,EV027,10,completed
E0183,EV028,11,completed
E0183,EV038,15,completed
E0183,EV027,16,completed
E0183,EV026,18,completed
E0183,EV026,19,skipped
E0183,EV036,22,declined
E0183,EV028,23,completed
E0183,EV027,24,completed
E0184,EV033,1,completed
E0184,EV026,3,completed
E0184,EV030,4,completed
E0184,EV027,5,completed
E0184,EV026,6,completed
E0184,EV030,7,completed
E0184,EV040,8,skipped
E0184,EV028,10,completed
E0184,EV029,11,completed
E0184,EV032,13,completed
E0184,EV031,16,completed
E0184,EV029,17,declined
E0184,EV036,18,completed
E0184,EV040,19,completed
E0184,EV040,24,completed
E0185,EV040,3,completed
E0185,EV028,4,completed
E0185,EV034,10,completed
E0185,EV028,11,completed
E0185,EV028,12,skipped
E0185,EV036,20,skipped
E0185,EV039,21,completed
E0185,EV040,22,completed
E0185,EV040,24,completed
E0186,EV038,1,skipped
E0186,EV033,3,skipped
E0186,EV027,5,completed
E0186,EV037,11,completed
E0186,EV027,12,completed
E0186,EV028,13,completed
E0186,EV032,15,completed
E0186,EV033,20,completed
E0186,EV037,21,declined
E0186,EV035,23,skipped
E0187,EV032,2,skipped
E0187,EV038,8,completed
E0187,EV037,10,skipped
E0187,EV027,12,skipped
E0187,EV026,13,completed
E0187,EV039,14,completed
E0187,EV034,16,completed
E0187,EV028,18,declined
E0187,EV026,20,declined
E0187,EV031,21,skipped
E0187,EV039,22,skipped
E0187,EV028,23,completed
E0188,EV026,1,completed
E0188,EV036,2,completed
E0188,EV033,4,skipped
E0188,EV039,5,completed
E0188,EV028,6,completed
E0188,EV027,7,completed
E0188,EV026,8,completed
E0188,EV039,12,completed
E0188,EV038,13,completed
E0188,EV037,20,completed
E0188,EV034,23,completed
E0188,EV030,24,skipped
E0189,EV039,1,completed
E0189,EV040,2,completed
E0189,EV037,3,skipped
E0189,EV040,4,completed
E0189,EV030,5,completed
E0189,EV032,6,declined
E0189,EV030,7,declined
E0189,EV034,9,completed
E0189,EV028,10,completed
E0189,EV032,18,completed
E0189,EV029,21,completed
E0189,EV039,22,completed
E0189,EV034,23,completed
E0190,EV027,2,completed
E0190,EV038,4,skipped
E0190,EV026,5,completed
E0190,EV028,6,completed
E0190,EV027,11,completed
E0190,EV026,12,skipped
E0190,EV030,13,completed
E0190,EV029,14,skipped
E0190,EV026,18,completed
E0190,EV027,20,declined
E0190,EV035,21,completed
E0190,EV038,22,completed
E0190,EV026,23,completed
E0191,EV038,7,completed
E0191,EV031,10,declined
E0191,EV037,11,completed
E0191,EV031,12,completed
E0191,EV037,13,completed
E0191,EV034,17,skipped
E0192,EV038,2,completed
E0192,EV028,3,skipped
E0192,EV028,4,declined
E0192,EV034,5,completed
E0192,EV037,6,completed
E0192,EV034,10,declined
E0192,EV031,12,completed
E0192,EV028,14,completed
E0192,EV031,15,completed
E0192,EV032,16,completed
E0192,EV037,17,skipped
E0192,EV032,19,completed
E0193,EV033,1,completed
E0193,EV040,2,completed
E0193,EV027,3,completed
E0193,EV031,4,completed
E0193,EV027,5,completed
E0193,EV038,8,completed
E0193,EV033,9,declined
E0193,EV038,10,skipped
E0193,EV036,12,declined
E0193,EV027,13,declined
E0193,EV033,14,completed
E0193,EV039,16,completed
E0193,EV032,19,skipped
E0193,EV040,21,completed
E0193,EV033,23,completed
E0194,EV029,2,completed
E0194,EV034,3,completed
E0194,EV039,9,completed
E0194,EV032,12,completed
E0194,EV032,13,skipped
E0194,EV029,14,completed
E0194,EV033,15,completed
E0194,EV031,17,completed
E0194,EV036,20,completed
E0194,EV039,22,completed
E0194,EV027,24,completed
E0195,EV026,2,completed
E0195,EV033,3,completed
E0195,EV029,5,skipped
E0195,EV026,7,declined
E0195,EV038,8,completed
E0195,EV040,11,skipped
E0195,EV038,13,completed
E0195,EV033,16,completed
E0195,EV029,18,declined
E0195,EV038,20,completed
E0195,EV030,22,completed
E0195,EV028,24,completed
E0196,EV028,7,skipped
E0196,EV027,9,skipped
E0196,EV032,10,completed
E0196,EV038,14,completed
E0196,EV029,15,skipped
E0196,EV032,17,completed
E0196,EV034,23,skipped
E0197,EV037,1,completed
E0197,EV037,3,completed
E0197,EV026,5,completed
E0197,EV033,7,declined
E0197,EV033,11,skipped
E0197,EV027,13,skipped
E0197,EV036,14,completed
E0197,EV034,16,declined
E0197,EV033,18,declined
E0197,EV039,19,completed
E0197,EV033,23,completed
E0198,EV029,6,completed
E0198,EV029,7,declined
E0198,EV035,13,declined
E0198,EV031,14,skipped
E0198,EV026,18,completed
E0198,EV030,24,completed
E0199,EV031,2,completed
E0199,EV035,3,completed
E0199,EV032,7,completed
E0199,EV039,8,completed
E0199,EV036,11,completed
E0199,EV030,12,completed
E0199,EV040,14,declined
E0199,EV027,15,declined
E0199,EV038,18,skipped
E0199,EV027,20,completed
E0199,EV035,21,declined
E0199,EV027,22,completed
E0199,EV038,24,completed
E0200,EV038,2,declined
E0200,EV032,4,declined
E0200,EV036,6,completed
E0200,EV037,7,completed
E0200,EV031,8,skipped
E0200,EV034,9,completed
E0200,EV040,10,completed
E0200,EV030,13,skipped
E0200,EV038,14,declined
E0200,EV036,15,completed
E0200,EV040,17,declined
E0200,EV026,18,completed
E0200,EV028,19,skipped
E0200,EV039,21,skipped
E0200,EV039,23,completed
E0200,EV031,24,completed
E0001,EV005,25,completed
E0001,EV032,25,completed
E0001,EV033,25,completed
E0001,EV040,25,completed
